id_praga,praga_nome_cientifico
1,Scaptocoris castanea
2,Sphenophorus levis
3,Spodoptera frugiperda
4,Bradysia matogrossensis
5,Aeschynomene rudis
6,Amaranthus viridis
7,Bidens pilosa
8,Cyperus ferax
9,Cyperus luzulae
10,Digitaria horizontalis
11,Digitaria sanguinalis
12,Eleusine indica
13,Eragrostis ciliaris
14,Euphorbia heterophylla
15,Fimbristylis dichotoma
16,Melampodium divaricatum
17,Panicum fasciculatum
18,Physalis angulata
19,Portulaca oleracea
20,Senna obtusifolia
21,Sida acuta
22,Sida cordifolia
23,Sida glaziovii
24,Sida rhombifolia
25,Spigelia anthelmia
26,Conyza bonariensis
27,Ipomoea grandifolia
28,Ipomoea triloba
29,Merremia cissoides
30,Momordica charantia
31,Ricinus communis
32,Acacia paniculata
33,Acacia plumosa
34,Baccharis coridifolia
35,Baccharis trimera
36,Barnadesia rosea
37,Bauhinia Divaricata
38,Bauhinia variegata
39,Croton floribundus
40,Croton glandulosus
41,Eichhornia crassipes
42,Eucalyptus spp
43,Eupatorium laevigatum
44,Hyptis suaveolens
45,Machaerium aculeatum
46,Parthenium hysterophorus
47,Peschiera fuchsiaefolia
48,Plantago major
49,Polygonum punctatum
50,Pteridium aquilinum
51,Randia armata
52,Schinus terebinthifolius
53,Senecio brasiliensis
54,Senna occidentalis
55,Sidastrum micranthum
56,Sidastrum paniculatum
57,Solanum aculeatissimum
58,Solanum lycocarpum
59,Solanum rugosum
60,Solanum sisymbriifolium
61,Solidago chilensis
62,Spermacoce alata
63,Spermacoce verticillata
64,Ulex europaeus
65,Vernonia polyanthes
66,Vernonia westiniana
67,Waltheria indica
68,Ipomoea purpurea
69,Merremia aegyptia
70,Solanum paniculatum
71,Vernonia tweediana
72,Gossypium hirsutum
73,Acanthospermum hispidum
74,Ageratum conyzoides
75,Amaranthus deflexus
76,Amaranthus hybridus
77,Aeschynomene denticulata
78,Commelina benghalensis
79,Galinsoga parviflora
80,Raphanus raphanistrum
81,Sonchus oleraceus
82,Brassica rapa
83,Leonurus sibiricus
84,Lepidium virginicum
85,Richardia brasiliensis
86,Alternanthera tenella
87,Cyperus rotundus
88,Emilia sonchifolia
89,Amaranthus retroflexus
90,Conyza sumatrensis
91,Glycine max
92,Solanum americanum
93,Solanum palinacanthum
94,Spermacoce latifolia
95,Ipomoea aristolochiaefolia
96,Eupatorium squalidum
97,Sida santaremnensis
98,Synedrellopsis grisebachii
99,Polygonum convolvulus
100,Amaranthus spinosus
101,Nicandra physaloides
102,Ambrosia elatior
103,Eupatorium maximilianii
104,Mansoa difficilis
105,Tecoma stans
106,Vernonia scabra
107,Zanthoxylum hasslerianum
108,Brachiaria decumbens
109,Cenchrus echinatus
110,Digitaria nuda
111,Panicum maximum
112,Aphis gossypii
113,Dysdercus ruficollis
114,Helicoverpa armigera
115,Macrosiphum euphorbiae
116,Ecdytolopha aurantiana
117,Dalbulus maidis
118,Dichelops melacanthus
119,Rhopalosiphum maidis
120,Euschistus heros
121,Myzus persicae
122,Meloidogyne javanica
123,Pratylenchus brachyurus
124,Aspergillus flavus
125,Fusarium moniliforme
126,Penicillium oxalicum
127,Fusarium pallidoroseum
128,Phomopsis sojae
129,Rhizoctonia solani
130,Sclerotinia sclerotiorum
131,Bemisia tabaci
132,Frankliniella schultzei
133,Syntermes molestus
134,Enneothrips flavens
135,Oryzophagus oryzae
136,Procornitermes triacifer
137,Diloboderus abderus
138,Metopolophium dirhodum
139,Rhopalosiphum graminum
140,Deois flavopicta
141,Diabrotica speciosa
142,Dichelops furcatus
143,Frankliniella williamsi
144,Phyllophaga cuyabana
145,Bipolaris oryzae
146,Pyricularia grisea
147,Colletotrichum lindemuthianum
148,Phaeoisariopsis griseola
149,Uromyces appendiculatus
150,Cercospora kikuchii
151,Microsphaera diffusa
152,Septoria glycines
153,Bipolaris sorokiniana
154,Blumeria graminis
155,Drechslera tritici-repentis
156,Fusarium graminearum
157,Puccinia triticina
158,Brachiaria plantaginea
159,Cynodon dactylon
160,Digitaria insularis
161,Lolium multiflorum
162,Setaria geniculata
163,Sorghum halepense
164,Zea mays
165,Echinochloa crusgalli
166,Pennisetum setosum
167,Bemisia tabaci raça B
168,Faustinus cubae
169,Fusarium subglutinans
170,Colletotrichum gossypii var. cephalosporioides
171,Alternaria porri
172,Puccinia allii
173,Cercospora arachidicola
174,Pseudocercospora personata
175,Drechslera avenae
176,Puccinia coronata var. avenae
177,Mycosphaerella fijiensis
178,Mycosphaerella musicola
179,Alternaria solani
180,Cercospora beticola
181,Crinipellis perniciosa
182,Ascochyta coffeae
183,Cercospora coffeicola
184,Hemileia vastatrix
185,Phoma costaricensis
186,Alternaria dauci
187,Blumeria graminis f.sp. hordei
188,Puccinia hordei
189,Colletotrichum gloeosporioides
190,Puccinia horiana
191,Alternaria alternata
192,Cerotelium fici
193,Uromyces transversalis
194,Puccinia psidii
195,Oidium mangiferae
196,Cladosporium herbarum
197,Colletotrichum orbiculare
198,Didymella bryoniae
199,Sphaerotheca fuliginea
200,Cercospora zeae-maydis
201,Puccinia polysora
202,Puccinia sorghi
203,Mycosphaerella fragariae
204,Leandria momordicae
205,Monilinia fructicola
206,Tranzschelia discolor
207,Diplocarpon rosae
208,Claviceps africana
209,Septoria lycopersici
210,Blumeria graminis f.sp. tritici
211,Puccinia graminis
212,Phakopsora euvitis
213,Uncinula necator
214,Melampsora medusae
215,Meloidogyne incognita
216,Lyriomyza huidobrensis
217,Leucoptera coffeella
218,Oligonychus ilicis
219,Helicotylenchus dihystera
220,Pratylenchus zeae
221,Brevipalpus phoenicis
222,Panonychus citri
223,Phyllocnistis citrella
224,Polyphagotarsonemus latus
225,Tetranychus urticae
226,Mononychellus planki
227,Liriomyza trifolii
228,Tuta absoluta
229,Hemileia  vastatrix
230,Drechslera teres
231,Diaporthe helianthi
232,Puccinia helianthi
233,Phaeosphaeria maydis
234,Corynespora cassiicola
235,Septoria tritici
236,Heliothis virescens
237,Crysodeixis includens
238,Spodoptera eridania
239,Alabama argillacea
240,Tetranychus ludeni
241,Ditylenchus dipsaci
242,Phthorimaea operculella
243,Phyllocoptruta oleivora
244,Eriophyes guerreronis
245,Azochis gripusalis
246,Pinnaspis aspidistrae
247,Panonychus ulmi
248,Steneotarsonemus pallidus
249,Aculops lycopersici
250,Liriomyza huidobrensis
251,Lyriomyza sativae
252,Heterodera glycines
253,Anticarsia gemmatalis
254,Ascia monuste orseis
255,Brassolis sophorae
256,Diaphania nitidalis
257,Helicoverpa sp.
258,Plutella xylostella
259,Achyrocline satureioides
260,Phoma arachidicola
261,Sphaceloma arachidis
262,Phytophthora infestans
263,Cercospora carotae
264,Elsinoe fawcetti
265,Pseudoperonospora cubensis
266,Phoma exigua
267,Stemphylium solani
268,Botrytis cinerea
269,Peronospora sparsa
270,Peronospora manshurica
271,Stagonospora nodorum
272,Elsinoe ampelina
273,Plasmopara viticola
274,Ramularia areola
275,Pyricularia oryzae
276,Phoma exigua var. exigua
277,Peronospora destructor
278,Asperisporium caricae
279,Venturia inaequalis
280,Phakopsora pachyrhizi
281,Aonidiella comperei
282,Empoasca spp.
283,Anastrepha fraterculus
284,Grapholita molesta
285,Sitobion avenae
286,Raoiella indica
287,Eutetranychus banksi
288,Ipomoea nil
289,Chrysodeixis includens
290,Caliothrips brasiliensis
291,Empoasca kraemeri
292,Stegasta bosquella
293,Orthezia praelonga
294,Parlatoria pergandii
295,Selenaspidus articulatus
296,Chalcodermus bimaculatus
297,Hedylepta indicata
298,Caliothrips phaseoli
299,Frankliniella rodeos
300,Nezara viridula
301,Trichoplusia ni
302,Helicoverpa zea
303,Tetranychus evansi
304,Thrips palmi
305,Thrips tabaci
306,Eutinobothrus brasiliensis
307,Epinotia aporema
308,Piezodorus guildinii
309,Elasmopalpus lignosellus
310,Pseudoplusia includens
311,Sternechus subsignatus
312,Brevicoryne brassicae
313,Diaphorina citri
314,Glycaspis brimblecombei
315,Bemisia tabaci biótipo B
316,Rachiplusia nu
317,Hedypathes betulinus
318,Luziola peruviana
319,Oryza sativa
320,Avena sativa
321,Avena strigosa
322,Hordeum vulgare
323,Triticum aestivum
324,Aulacaspis tubercularis
325,Diaspis bromeliae
326,Anthonomus grandis
327,Tibraca limbativentris
328,Hypothenemus hampei
329,Thaumascotocoris peregrinus
330,Toxoptera citricida
331,Diceraeus melacanthus
332,Aleurocanthus woglumi
333,Selenothrips rubrocinctus
334,Desmodium tortuosum
335,Hyptis lophanta
336,indigosfera hirsuta
337,Cyperus sesquiflorus
338,Desmodium adscendens
339,Indigofera hirsuta
340,Melampodium perfoliatum
341,Diatraea saccharalis
342,Chrysodexis includens
343,Lyriomyza spp.
344,Borreria verticillata
345,Colletotrichum gossypii
346,Fusarium oxysporum f.sp. vasinfectum
347,Lasiodiplodia theobromae
348,Penicillium spp.
349,Alternaria spp.
350,Aspergillus spp.
351,Fusarium oxysporum f.sp. phaseoli
352,Fusarium solani f.sp. phaseoli
353,Pythium spp.
354,Colletotrichum graminicola
355,Stenocarpella maydis
356,Colletotrichum dematium truncata
357,Diaporthe phaseolorum f.sp. meridionalis
358,Aspergillus niger
359,Colletotrichum arachidis
360,Colletotrichum dematium
361,Colletotrichum mangenoti
362,Fusarium spp.
363,Fusarium verticillioides
364,Rhizoctonia spp.
365,Colletotrichum sublineolum
366,Pythium arrhenomanes
367,Alternaria grandis
368,Puccinia substriata var. indica
369,Exserohilum turcicum
370,Cercospora flagelaris
371,Colletotrichum clivae
372,Colletotrichum truncatum
373,Diaporthe longicolla
374,Diaporthe miriciae
375,Diaporthe ueckerae
376,Fusarium equiseti
377,Fusarium incarnatum
378,Fusarium proliferatum
379,Puccinia purpurea
380,Dysmicoccus brevipes
381,Procornitermes striatus
382,Conoderus scalaris
383,Dysmicoccus texensis
384,Oncometopia facialis
385,Quesada gigas
386,Heterotermes tenuis
387,Mahanarva fimbriolata
388,Parlatoria cinerea
389,Aphis craccivora
390,Aparatermes abbreviatus
391,Leptocybe invasa
392,Epitrix fasciata
393,Myzus nicotianae
394,Capitophorus fragaefolli
395,Eurhizococcus brasiliensis
396,Dactylopius opuntiae
397,Sitophilus oryzae
398,Sitophilus zeamais
399,Sitotroga cerealella
400,Rhizopertha dominica
401,Chamaesyce hirta
402,Tridax procumbens
403,Xanthium cavanillesii
404,Botryosphaeria dothidea
405,Neofabraea perennans
406,Penicillium expansum
407,Xanthomonas axonopodis pv. malvacearum
408,Xylella fastidiosa
409,Pseudomonas cichori
410,Xanthomonas axonopodis
411,Bean Golden Mosaic Virus
412,Xanthomonas axonopodis pv. phaseoli
413,Acidovorax avenae subsp. citrulli
414,Pseudomonas syringae pv. tomato
415,Xanthomonas vesicatoria
416,Rhopalosiphum rufiabdominale
417,Liogenys fuscus
418,Cornitermes cumulans
419,Aracanthus mourei
420,Dreschslera sorokiniana
421,Elsinoe australis
422,Septoria lactucae
423,Phoma tarda
424,Erysiphe heraclei
425,Fusarium verticilioides
426,Oidiopsis taurica
427,Microdochium oryzae
428,Rhizoctonia oryzae
429,Podosphaera Xanthii
430,Puccinia coronata f. sp. Avenae
431,Oidium sp.
432,Cercospora kaki
433,Guignardia citricarpa
434,Erysiphe pisi
435,Oidium eucalypti
436,Alternaria helianthi
437,Erysiphe cichoracearum
438,Sphaerotheca pannosa
439,Acanthospermum australe
440,Cyperus iria
441,Fimbristylis miliacea
442,Ludwigia longifolia
443,Ludwigia octovalvis
444,Sagittaria guyanensis
445,Sagittaria montevidensis
446,Solanum nigrum
447,erigeron bonariensis
448,Chamaesyce hyssopifolia
449,Dione juno juno
450,Lobiopa insularis
451,Coronopus didymus
452,Rumex obtusifolius
453,Gnaphalium spicatum
454,Cyperus difformis
455,Heteranthera reniformis
456,Tetranychus ogmophallos
457,Acidovorax avenae subsp. avenae
458,Spongospora subterranea
459,Streptomyces scabies
460,Thielaviopsis paradoxa
461,Rosellinia necatrix
462,Meloidogyne exigua
463,Aspidiotus destructor
464,Protopulvinaria longivalvata
465,Saissetia hemisphaerica
466,Planococcus citri
467,Coccus viridis
468,Saissetia coffeae
469,Aleurothrixus floccosus
470,Chrysomphalus dictyospermi
471,Chrysomphalus ficus
472,Eriophyes sheldoni
473,Icerya purchasi
474,Lepidosaphes beckii
475,Asterolecanium pustulans
476,Morganella longispina
477,Eriosoma lanigerum
478,Hemiberlesia lataniae
479,Pseudaulacaspis pentagona
480,Quadraspidiotus perniciosus
481,Orthezia insignis
482,Brachiaria brizantha
483,Cosmopolites sordidus
484,Bonagota salubricola
485,Cryptoblabes gnidiella
486,Diaphania hyalinata
487,Neoleucinodes elegantalis
488,Cercospora personata
489,Phytophthora palmivora
490,Phytophthora nicotianae var. parasitica
491,Bemisia argentifolii
492,Erysiphe polygoni
493,Pectinophora gossypiella
494,Agrotis ipsilon
495,Planococcus minor
496,Pseudaletia sequax
497,Ceratitis capitata
498,Etiella zinckenella
499,Michaelus jebus
500,Bonagota cranaodes
501,Mocis latipes
502,Pseudaletia adultera
503,Rhopalosiphum padi
504,Podosphaera leucotricha
505,Sphaceloma perseae
506,Bipolaris incurvata
507,Alternaria brassicae
508,Entomosporium mespili
509,Cercospora capsici
510,Pseudocercospora vitis
511,Cercospora purpurea
512,Cladosporium cucumerinum
513,Colletotrichum acutatum
514,Cercosporidium personatum
515,Phomopsis obscurans
516,Erwinia carotovora
517,Alternaria bataticola
518,Phomopsis vexans
519,Xanthomonas campestris pv. vesicatoria
520,Alternaria tenuis
521,Erwinia carotovora subsp. Carotovora
522,Phytophthora spp.
523,Pectobacterium subs. carotovorum
524,Xanthomonas campestris
525,Phyllosticta citricarpa
526,Ascochyta pisi
527,Colletotrichum guaranicola
528,Phytophthora capsici
529,Xanthomonas campestris pv. manihotis
530,Elsinoe mangiferae
531,Xanthomonas campestris pv. mangiferaeindicae
532,Erwinia carotovora subsp. carotovora
533,Colletotrichum fragariae
534,Alternaria raphani
535,Cercospora abelmoschi
536,Echinochloa colona
537,Cercospora longissima
538,Colletotrichum pisi
539,Cercospora canescens
540,Colletotrichum capsici
541,Puccinia substriata
542,Bipolaris maydis
543,Bipolaris zeicola
544,Cercospora sorghi
545,Pennisetum americanum
546,Rottboellia exaltata
547,Panicum capillare
548,Atta capiguara
549,Migdolus fryanus
550,Cornitermes bequaerti
551,Ceratocystis paradoxa
552,Puccinia melanocephala
553,Thanatephorus cucumeris
554,Epicauta atomaria
555,Rhynchelytrum roseum
556,Blainvillea latifolia
557,Phytophthora citrophthora
558,Pythium aphanidermatum
559,Neonectria galligena
560,Phytophthora cactorum
561,Dactyloctenium aegyptium
562,Colletotrichum gossypii cephalosporioides
563,Puccinia kuehnii
564,Rumex acetosella
565,Cleome affinis
566,Silene gallica
567,Spergula arvensis
568,Stachys arvensis
569,Stellaria media
570,Cercospora spp.
571,Colletotrichum cliviicola
572,Castnia licus
573,Puccinia arachidis
574,Oídio Erysiphe pisi
575,Tranzschelia pruni-spinosae
576,Bruggmanniella perseae
577,Stenoma catenifer
578,Enneothrips enigmaticus
579,Hyalospila ptychis
580,Carmenta foraseminis
581,Maecolaspis trivialis
582,Acanthoscelides obtectus
583,Conotrachelus psidii
584,Costalimaita ferruginea vulgata
585,Aceria litchii
586,Aegomorphus jaspideus
587,Gymnandrosoma aurantianum
588,Loxa deducta
589,Megacyllene acuta
590,Monellia caryella
591,Oncideres dejeani
592,Malvastrum coromandelianum
593,Oebalus poecilus
594,Pontederia cordata
595,Mucuna aterrima
596,Bidens alba
597,Colletotrichum gloesporioides
598,Uromyces alstroemeriae
599,Pseudocercospora purpurea
600,Sphaeroteca fuliginea
601,Cercospora brassicicola
602,Colletotrichum circinans
603,Alternaria sonchi
604,Cercospora cichorii
605,Cercospora circumscissa
606,Pseudocercospora annonae-squamosae
607,Pseudocercospora cladosporioides
608,Puccinia pampeana
609,Peronospora parasitica
610,Moniliophthora roreri
611,Curvularia eragrostidis
612,Colletotrichum gloeosporioides f.sp cepae
613,Alternaria cichorii
614,Cercospora citrullina
615,Colletotrichum gloeosporioides f. sp. cucurbitae
616,Peronospora pisi
617,Cercospora tetragoniae
618,Alternaria steviae
619,Phyllosticta zingiberi
620,Pseudocercospora passiflorae
621,Alternaria cucumerina
622,Mycosphaerella brassicicola
623,Pseudocercospora mombin
624,Phoma betae
625,Septoria pisi
626,Phoma caricae-papayae
627,Cercospora viçosae
628,Uromyces manihotis
629,Alternaria passiflorae
630,Pseudocercospora punicae
631,Tetranychus desertorum
632,Ipomoea hederacea
633,Pythium ultimum
634,Meloidogyne graminicola
635,Rotylenchulus reniformis
636,Euetheola humilis
637,Omiodes indicata
638,Aethalion reticulatum
639,Heliothrips haemorrhoidalis
640,Sternocolaspis quatuordecimcostata
641,Anastrepha obliqua
642,Anuraphis schwartzi
643,Horcias nobilellus
644,Neocapritermes opacus
645,Saissetia oleae
646,Aphelenchoides besseyi
647,Sclerotium rolfsii
648,Elsinoe necator
649,Elsinoe veneta
650,Sphaceloma necator
651,Cercospora sesami
652,Sclerotium homoecarpa
653,Amphobotrys ricini
654,Pucciniastrum vaccinii
655,Elsinoe spondiadis
656,Cercospora fusimaculans
657,Amaranthus palmeri
658,Leptosphaeria sacchari
659,Puccinia substriata var. penicillariae
660,Bipolaris sorghicola
661,Uromyces pisi
662,Chlosyine lacinia saundersii
663,Erinnyis ello
664,Capitophorus rosarum
665,Trialeurodes vaporariorum
666,Zulia entreriana
667,Chenopodium ambrosioides
668,Ipomoea indivisa
669,Paspalum conjugatum
670,Paspalum notatum
671,Paspalum paniculatum
672,Raphanus sativus
673,Sorghum bicolor
674,Vicia sativa
675,Bromus catharticus
676,Phyllanthus tenellus
677,Cyperus esculentus
678,Bauhinia corifolia
679,Eucalyptus urograndis
680,Myrcia bella
681,Qualea parviflora
682,Acacia farnesiana
683,Lantana camara
684,Orbignya phalerata
685,Conyza canadensis
686,Leonotis nepetifolia
687,Cardiospermum halicacabum
688,Dysdercus spp.
689,pleuroprucha asthenaria
690,Vernonia ferruginea
691,Euphorbia hirta
692,Rhynchelytrum repens
693,Puccinia recondita f.sp. tritici
694,Fusarium solani
695,Fusarium solani f. sp. glycines
696,Macrophomina phaseolina
697,Ipomoea quamoclit
698,Artemisia verlotorum
699,Acromyrmex heyeri
700,Acromyrmex lundi lundi
701,Atta bisphaerica
702,Atta laevigata
703,Atta sexdens rubropilosa
704,Diceraeus spp.
705,Physopella zeae
706,Tagetes minuta
707,Commelina diffusa
708,Andropogon bicornis
709,Aristida longiseta
710,Acromyrmex crassispinus
711,Atta sexdens sexdens
712,Polygonum aviculare
713,Soliva anthemifolia
714,Chenopodium album
715,Crepis japonica
716,Cuphea carthagenensis
717,Dioscorea batatas
718,Paspalum conspersum
719,Talinum paniculatum
720,Melinis minutiflora
721,Stachytarpheta cayennensis
722,Oxalis oxyptera
723,Secale Cereale
724,Triticum secale
725,Peronospora sp.
726,Xanthomonas axonopodis pv. citri
727,Xanthomonas axonopodis pv. passiflorae
728,Colletotrichum spp.
729,Ischaemum rugosum
730,Ipomoea hederifolia
731,Ipomoea cairica
732,Chamaecrista rotundifolia
733,Oligonychus yothersi
734,Dolichotetranychus floridanus
735,Aceria guerreronis
736,Aceria reyesi
737,Meloiidogyne incognita
738,Gyropsylla spegazziniana
739,Oligonychus yorthesi
740,Lipaphis erysimi
741,Tetranychus cinnabarinus
742,Bradysia impatiens
743,Allonychus braziliensis
744,Eriophyes mangiferae
745,Tetranychus mexicanus
746,Batistopsora crucisfilii
747,Oidium anacardii
748,Alternaria citri
749,Cladosporium cladosporioides
750,Puccinia spp.
751,Guignardia gnardia
752,Gonipterus scutellatus
753,Ambrosia artemisifolia
754,Borrieria latifolia
755,Thyrinteina arnobia
756,Unaspis citri
757,Fusarium oxysporum
758,Colias lesbia pyrrhothea
759,Eacles imperialis magnifica
760,Manduca sexta paphus
761,Gnaphalium pensylvanicum
762,Andropogon leucostachyus
763,Antirrhinum orontium
764,Axonopus compressus
765,Cyperus flavus
766,Hyparrhenia rufa
767,Medicago sativa
768,Panicum cayennense
769,Paspalum dilatatum
770,Paspalum maritimum
771,Paspalum urvillei
772,Pennisetum clandestinum
773,Pterocaulon virgatum
774,Rumex crispus
775,Saccharum officinarum
776,Setaria poiretiana
777,Trema micrantha
778,Trifolium repens
779,Mucuna pruriens
780,Phytium alphanidermatum
781,Bremia lactucae
782,Phytium spp
783,Peronospora tabacina
784,Phytophthora nicotianae
785,Phytophthora nicotianae var. nicotianae
786,Phytium Aphanidermatum
787,Imperata brasiliensis
788,Phaseolus vulgaris
789,Commelina erecta
790,Murdannia nudiflora
791,Xanthium strumarium
792,Polygonum hydropiperoides
793,Eupatorium pauciflorum
794,Soliva pterosperma
795,Cyperus lanceolatus
796,Meloidogyne hapla
797,Pratylenchus coffeae
798,Dessecação da Cultura
799,Polygonum persicaria
800,Machaerium acutifolium
801,Memora peregrina
802,Tapirira guianensis
803,Spodoptera cosmioides
804,Crocidosema aporema
805,Porcellio laevis
806,Phomopsis longicolla
807,Strymon basalides
808,Aleurodicus cocois
809,Caliothrips bicinctus
810,Magnaporthe grisea
811,Conotrachelus humeropictus
812,Bactrocera carambolae
813,Lobesia botrana
814,Lasioderma serricorne
815,Aspergillus ochraceus
816,Colletotrichum falcatum
817,Pseudomonas syringae
818,Pseudomonas syringae pv. garcae
819,Xanthomonas citri subsp. citri
820,Meloidogyne paranaensis
821,Guadua angustifolia
822,Cydia pomonella
823,Diaphorina citri Kuwayama
824,Anastrepha spp.
825,Empoasca vitis
826,Radopholus similis
827,Deois sp.
828,Zulia sp.
829,Erwinia chrysanthemi
830,Alternaria sp.
831,Lasiothyris luminosa
832,Cercospora apii
833,Colletotrichum coffeanum
834,Corticium salmonicolor
835,Diaporthe citri
836,Phyllosticta phaseolina
837,Phyllosticta sycophila
838,Rhizopus stolonifer
839,Pseudomonas syringae pv. lachrymans
840,Greeneria uvicola
841,Phytophthora sojae
842,Echinochloa cruspavonis
843,Acromyrmex landolti landolti
844,Hellula phidilealis
845,Paramadarus complexus
846,Macrosiphum rosae
847,Solanum tuberosum
848,Frankliniella occidentalis
849,Cercospora melongenae
850,Phoma terrestris
851,Pseudocercospora abelmoschi
852,Erysiphe diffusa
853,Thaumastocoris peregrinus
854,Cadra cautela
855,Ephestia elutella
856,Ephestia kuehniella
857,Puccinia graminis Pers. f.sp. secalis
858,Tenuipalpus hevea
859,Microcyclus ulei
860,Myrothecium roridum
861,Septoria anacardii
862,Cercospora sawadae
863,Phytophthora citrícola
864,Phytophthora sp.
865,Stenodiplosis sorghicolla
866,Alternanthera ficoidea
867,Bidens subalternans
868,Cerotoma arcuata tingomariana
869,Myochrous armatus
870,Fusarium oxysporum f.sp. melonis
871,Fusarium oxysporum f.sp. radicis-lycopersici
872,Fusarium oxysporum f.sp. cucumerinum
873,Fusarium oxysporum f.sp. capsici
874,Aphelenchoides ritzemabosi
875,Pseudomonas cichorii
876,Fusarium oxysporum f.sp. lycopersici
877,Eupatorium clematideum
878,Glomerella cingulata
879,Diaporthe phaseolorum var. sojae
880,Sphaerotheca sp.
881,Colletotrichum coccodes
882,Phomopsis viticola
883,Digitaria ciliaris
884,Bipolaris soraliniana
885,Dilobopterus costalimai
886,Ipomoea acuminata
887,Cercospora annonae
888,Cercospora cladosporioides
889,Sclerotium cepivorum
890,Cercosporidium henningsii
891,Alternaria tenuissima
892,Rhapalosiphum graminum
893,Botrytis squamosa
894,Botrytis gladiolorum
895,Cladosporium carpophilum
896,Elsinoe piri
897,Taphrina deformans
898,Acremonium strictum
899,Phytophthora cinnamomi
900,Tilletia caries
901,Tilletia laevis
902,Oncideres impluviata
903,Phakopsora gossypii
904,Cercospora longipes
905,Commelina virginica
906,Brachiaria platyphylla
907,Corcyra cephalonica
908,Plodia interpunctella
909,Tribolium castaneum
910,Ephestia cautella
911,Araecerus fasciculatus
912,Stegobium paniceum
913,Tenebrio molitor
914,Tenebroides mauritanicus
915,Zabrotes subfasciatus
916,Laemophloeus minutus
917,Oryzaephilus surinamensis
918,Callosobruchus maculatus
919,Alternaria sesami
920,Puccinia pelargonii-zonalis
921,Penicillium digitatum
922,Brevipalpus yothersi
923,Mimosa pudica
924,Urena lobata
925,Waltheria americana
926,Tilletia barclayana
927,Cinara atlantica
928,Contarinia sorghicola
929,Papilio scamander
930,Monodes agrotina
931,Leptoglossus gonara
932,Stenoma decora
933,Pseudoplusia oo
934,Macrosoma tipulata
935,Liothrips adisi
936,Spodoptera litura
937,Clarkeulia excerptana
938,Protambulyx strigilis
939,Megalopyge lanata
940,Platyedra gossypiela
941,Leptoglossus gonagra
942,Dactynotus sonchi
943,Penicillium italicum
944,Calopogonium mucunoides
945,Vigna unguiculata
946,Elvira biflora
947,Chloris polydactyla
948,Leersia hexandra
949,Peronosclerospora sorghi
950,Schizaphis graminum
951,Melanaphis sacchari
952,Dothiorella gregaria
953,Erythricium salmonicolor
954,Alternaria dianthi
955,Cladosporium echinulatum
956,Uromyces dianthi
957,Phyllosticta guajavae
958,Botryosphaeria obtusa
959,Phragmidium mucronatum
960,Clavibacter michiganensis michiganensis
961,Fulvia fulva
962,Diaporthe vexans
963,Clavibacter michiganensis
964,Oidiopsis sicula
965,Erysiphe betae
966,Mycosphaerella dioscoreaecola
967,Oidium manihotis
968,Erysiphe taurica
969,Cylindrocladium scoparium
970,Cylindrocladium spp.
971,Oidium caricae
972,Cylindrocladium pteridis
973,Puccinia heliconiae
974,Sphaerotheca macularis
975,Cylindrocladium delabrum
976,Trips tabaci
977,Maecolaspis calcarisera
978,Bauhinia curvula
979,Bauhinia glabra
980,Diodia teres
981,Duguetia furfuracea
982,Mezilaurus crassiramea
983,Senna silvestris
984,Sida carpinifolia
985,Visnia guianensis
986,Rhammatocerus schistocercoides
987,Rhammatocerus spp.
988,Pseudomonas syringae pv. syringae
989,Pseudomonas savastanoi pv. glycinea
990,Corythaica cyathicollis
991,Systena tenuis
992,Percolaspis ornata
993,Glena bipennaria  bipennaria
994,Thrips simplex
995,Eumorpha vitis
996,Tetranychus telarius
997,Sphaeroteca macularis
998,Aculus cornutus
999,Rhodobium porosum
1000,Julus hesperus
1001,Phyllophaga triticophaga
1002,Alternanthera brasiliana
1003,Diceraeus furcatus
1004,Maconellicoccus hirsutus
1005,Colletotrichum gloeosporioides cepae
1006,Erwinia spp
1007,Diaporthe medusaea
1008,Sphaceloma psidii
1009,Ascochyta arachidis
1010,Perileucoptera coffeella
1011,Tetranychus marianae
1012,Colletotrichum musae
1013,Saurita cassandra
1014,Cerconota anonella
1015,Monalonion bondari
1016,Taimbezinhia theobromae
1017,Automeris spp.
1018,Oxidia saturniata
1019,Anthistarcha binocularis
1020,Prays oleae
1021,Schistocerca spp.
1022,Liriomyza spp
1023,Liriomyza sativae
1024,Automeris memusae
1025,Palpita unionalis
1026,Megastes pusialis
1027,Mechanitis lysimnia
1028,Cicinnus callipius
1029,Hypocala andremona
1030,Zaprionus indianus
1031,Drosophila suzukii
1032,Cryptophlebia illepida
1033,Neosilba perezi
1034,Scirtothrips manihoti
1035,Erosomyia mangiferae
1036,Frankliniella brevicaulis
1037,Haplothrips gowdeyi
1038,Tolype innocens
1039,Argyrotaenia sphaleropa
1040,Timocratica palpalis
1041,Amauromyza maculosa
1042,Frankliniella spp.
1043,Thrips spp.
1044,Frankliniella gemina
1045,Sitophilus granarius
1046,Bipolaris sacchari
1047,Curvularia inaequalis
1048,Mimosa invisa
1049,Antigastra catalaunalis
1050,Coccus hesperidium
1051,Cerataphis lataniae
1052,Rhammatocerus spp
1053,Condylorrhiza vestigialis
1054,Opsiphanes invirae
1055,Brassolis astyra astyra
1056,Sida acuta cv carpinifolia
1057,Ascochyta pinodes
1058,Puccinia chrysanthemi
1059,Fusarium avenaceum
1060,Diplocarpon earlianum
1061,Brachiaria ruziziensis
1062,Chloris gayana
1063,Rottboellia cochinchinensis
1064,Sorghum arundinaceum
1065,Dioclea grandiflora
1066,Doliocarpus dentatus
1067,Eugenia dysenterica
1068,Luffa cyllindrica
1069,Triozoida limbata
1070,Cryptosporiopsis perennans
1071,Xanthomonas campestris pv. campestris
1072,Calletatrichum sublinealum
1073,Alternanthera paronychioides
1074,Acrogonia gracilis
1075,Meloidogyne spp.
1076,Pratylenchus spp.
1077,Pectobacterium carotovorum
1078,Cylindrosporium sesami
1079,Albugo candida
1080,Mahanarva spp
1081,Brachiaria mutica
1082,Plutella maculipennis
1083,Acrogonia terminalis
1084,Chiromyza vittata
1085,Pectobacterium carotovorum subsp. carotovorum
1086,Streptopodium caricae
1087,Penicillium sp
1088,Pantoea ananatis
1089,Phoma sorghina
1090,Phyllosticta maydis
1091,Pseudomonas syringae pv. glycinea
1092,Eryngium horridum
1093,Amaranthus lividus
1094,Dessecação pré-colheita
1095,Aracanthus sp.
1096,Cyrtomon luridus
1097,Colletotrichum lini
1098,Botryotinia ricini
1099,Desmodium purpureum
1100,Acromyrmex ambiguus
1101,Acromyrmex striatus
1102,Acromyrmex subterraneus subterraneus
1103,Atta sexdens piriventris
1104,Cercospora perseae
1105,Chalara paradoxa
1106,Colletotrichum dematium f.sp. circinans
1107,Puccinia porri
1108,Albulgo ipomoeae-panduranae
1109,Elsinoe batatas
1110,Phomopsis ipomoea-batata
1111,Phylosticta batatas
1112,Sphaceloma batatas
1113,Uromyces betae
1114,Leptosphaeria maculans
1115,Oidium erysiphoides
1116,Oidium spp.
1117,Pseudocercospora cruenta
1118,Phomopsis helianthi
1119,Ascochyta rabiei
1120,Pestalotiopsis sp.
1121,Phomopsis sp.
1122,Ascochyta lentis
1123,Melampsora lini
1124,Ovulariopsis papayae
1125,Leveillula taurica
1126,Septoria sp.
1127,Colletotrichum gloesporioides f. sp. cucurbitae
1128,Cercospora hibiscina
1129,Sphaceloma punicae
1130,Erysiphe graminis
1131,Alternaria ricini
1132,Acromyrmex landolti balzani
1133,Acromyrmex subterraneus
1134,Cornitermes snyderi
1135,Croton lobatus
1136,Anagasta kuehniella
1137,Cryptolestes ferrugineus
1138,Pyralis farinalis
1139,Bipolaris cynodontis
1140,Puccinia zoysiae
1141,Giberella zeae
1142,Baccharis dracunculifolia
1143,Paspalum distichum
1144,Cerscospora musae
1145,Phomosis citri
1146,Rhyzopus nigricans
1147,Isariopsis clavispora
1148,Melanconium furligneum
1149,Oryzaephillus surinamensis
1150,Carthartus quadricollis
1151,Alphitobius diaperinus
1152,Diploschema rotundicolle
1153,Macropophora accentifer
1154,Trachyderes thoracicus
1155,Euphorbia brasiliensis
1156,Uromyces pisi-sativi
1157,Emilia sagittata
1158,Alternanthera philoxeroides
1159,Chamaesyce prostrata
1160,Chloris pycnothrix
1161,Chloris retusa
1162,Diodia ocimifolia
1163,Eragrostis pilosa
1164,Mikania cordifolia
1165,Phyllanthus niruri
1166,Paspalum acuminatum
1167,Oxypetalum appendiculatum
1168,Chamaecrista nictitans
1169,Eclipta alba
1170,Hypochoeris radicata
1171,Plantago tomentosa
1172,Taraxacum officinale
1173,Dichondra microcalyx
1174,Paspalum modestum
1175,Physalis viscosa
1176,Scoparia dulcis
1177,Mimosa hostilis
1178,Xanthium spinosum
1179,Centella asiatica
1180,Thalia geniculata
1181,Brachiaria subquadripara
1182,Digitaria decumbens
1183,Pennisetum purpureum
1184,Oxalis corniculata
1185,Lepidium ruderale
1186,Cnidoscolus urens
1187,Pyrostegia venusta
1188,Avena fatua
1189,Amaranthus sp.
1190,Ipomoea sp.
1191,Banisteriopsis oxyclada
1192,Celtis glycicarpa
1193,Guarea trichilioides
1194,Polygala klotzschii
1195,Plasmodiophora brassicae
1196,Botrytis sp.
1197,Peronospora effusa
1198,Bremia lactucae Regel
1199,Fusarium spp
1200,Paspalum virgatum
1201,Notozulia entreriana
1202,Diplodia maydis
1203,Strymon megarus
1204,Dorcacerus barbatus
1205,Spodoptera latifascia
1206,Scrobipalpa ocellatella
1207,Agrotis subterranea
1208,Eupseudosoma aberrans
1209,Eupseudosoma involuta
1210,Neocurtilla hexadactyla
1211,Haplothrips spp
1212,Anacampsis spp.
1213,Zeuzera pyrina
1214,Melanagromyza sojae
1215,Phyllophaga capillata
1216,Caliothips phaseoli
1217,Stylopalpia costalimai
1218,Chloridea virescens
1219,Pleocyta sacchari
1220,Urochloa decumbens
1221,Helix aspersa
1222,Vaginula langsdorfii
1223,Aphis spp.
1224,Sida linifolia
1225,Bauhinia mollis
1226,Bauhinia ungulata
1227,Curatella americana
1228,Mascagnia pubiflora
1229,Setophoma terrestris
1230,Erysiphe quercicola
1231,Oidium perseae
1232,Anastrepha grandis
1233,Aphis rumicis
1234,Phthia picta
1235,Schizotetranychus nanjingensis
1236,Cercospora oryzae
1237,Erwinia papayae
1238,Pseudomonas syringae pv tabaci
1239,Xanthomonas campestris pv. passiflorae
1240,Pectobacterium chrysanthemi
1241,Pectobacterium carotovorum pv corotovora
1242,Xanthomonas campestris pv dieffenbachiae
1243,Maize Bushy Stunt Phytoplasma
1244,Spiroplasma kunkelii
1245,Pectobacterium chrysanthemi pv zeae
1246,Xanthomonas citri pv. tectonae
1247,Pseudomonas cepacia
1248,Cyperus distans
1249,Phytophthora parasitica
1250,Colletotrichum sp.
1251,Oidium balsamii
1252,Eriophyes ficus
1253,Malachra fasciata
1254,Mollugo verticillata
1255,Acromyrmex rugosus rugosus
1256,Pratylenchus jaehni
1257,Tylenchulus semipenetrans
1258,pterogyne nitens
1259,Tegolophus perseaflorae
1260,Eriophyes reyesi
1261,Phytophthora phaseoli
1262,Oidium chrysanthemi
1263,Schizothyrium pomi
1264,Septoria dianthi
1265,Septoria chrysanthemella
1266,Cercospora rosicola
1267,Mycosphaerella rosicola
1268,Sphaceloma rosarum
1269,Cercospora sojina
1270,Curvularia spp.
1271,Rhizopus spp.
1272,Fusarium oxysporum f.sp. pisi
1273,Cercospora ricinella
1274,Agropyrum repens
1275,Stenocapella macrospora
1276,Fusarium oxysporum f.sp. cubense
1277,Diaspis echinocacti
1278,Desmodium barbatum
1279,Cercospora gossypina
1280,Xanthomonas vasicola pv. vasculorum
1281,Xanthomonas perforans
1282,Acromyrmex subterraneus molestans
1283,Acromyrmex aspersus
1284,Anagallis arvensis
1285,Maecolaspis joliveti
1286,Megascelis aeroginosa
1287,Ceratocystis fimbriata
1288,Sirex noctilio
1289,Meloidogyne enterolobii
1290,Thecla basalides
1291,Sarsina violascens
1292,Spodoptera sp.
1293,Galinsoga quadriradiata
1294,Hypochoeris brasiliensis
1295,Aeschynomene sensitiva
1296,Atrichoproctus neocaledonicus
1297,Eriophyes rossettonis
1298,Aceria eriobotryae
1299,Eriophyes vitis
1300,Alternaria macrospora
1301,Moniliophthora perniciosa
1302,Puccinia graminis f. sp. tritici
1303,Crotalaria incana
1304,Datura stramonium
1305,Marsypianthes chamaedrys
1306,Oxalis latifolia
1307,Arachis hypogea
1308,Cercospora nasturii
1309,Monilinia laxa
1310,Puccinia pruni
1311,Armillaria spp.
1312,Exserohilum rostratum
1313,Cochliobolus spp.
1314,Drechslera halodes
1315,Helmintosporium spp.
1316,Cercospora nicotianae
1317,Puccinia discolor
1318,Cercospora eugeniae
1319,Uredo pitangae
1320,Pseudoperonospora sp.
1321,Oídium sp
1322,Alternaria linicola
1323,Mycosphaerella discophora
1324,Cercospora punicae
1325,Mycosphaerella personata
1326,Agrobacterium tumefaciens
1327,Calotropis procera
1328,Poliphagotarsonemus latus
1329,Oligonychus spp
1330,Hyaloperonospora parasitica
1331,Podosphaera spp.
1332,Oidium anamorph
1333,Erysiphe spp
1334,Oidium psidii
1335,Corecoris dentiventris
1336,Psidium guajava
1337,Psidium guianeense
1338,Pterogyne nitens
1339,Vernonia cognata
1340,dalbergia frutescens
1341,strychnos fulvotomentosa
1342,Fimbristylis autumnalis
1343,Colletotrichum dematium var. truncata
1344,Aphis citricidus
1345,Aphis spiraecola
1346,Aphis fabae
1347,Tetranychus neocaledonicus
1348,Aphis pomi
1349,Olygonychus ilicis
1350,Oligonychus mangiferus
1351,Ustilago tritici
1352,Telchin licus
1353,Cylindrocladium candelabrum
1354,Cylindrocladium parasiticum
1355,Cylindrocladium ilicicola
1356,Pseudocercospora griseola
1357,Puccinia fuirenicola
1358,Spodoptera ornithogalli
1359,Pythium rostratum
1360,Echinodorus grandiflorus
1361,Nothopassalora personata
1362,Trizoida sp.
1363,Ramulariopsis pseudoglycines
1364,Rhynchophorus palmarum
1365,Alternaria padwickii
1366,Curvularia lunata
1367,bowlesia incana
1368,Panicum dichotomiflorum
1369,Cercospora bertholletiae
1370,Cladosporium fulvum
1371,Peronospora farinosa
1372,Phytophthora drechsleri
1373,Lactuca sativa
1374,Adenocalymma flaviflorum
1375,Solanum viarum
1376,Kyllinga brevifolia
1377,Opogona sacchari
1378,Icerya sp
1379,Saissetia sp
1380,Pseudococcus comstocki
1381,Cavariella aegopodii
1382,Acyrthosiphon pisum
1383,Aspidiella hari
1384,Pentalonia nigronervosa
1385,Anuraphis sp.
1386,Hiadaphis foeniculi
1387,Pinnaspis sp.
1388,Pseudococcus adonidum
1389,Toxoptera aurantii
1390,Anastrepha pseudoparallela
1391,Daktulosphaira vitifoliae
1392,Pomacea canaliculata
1393,Sesbania punicea
1394,Cladosporium spp.
1395,Rhynchosporium secalis
1396,penicilium
1397,Bipolaris spp.
1398,Lyogenis suturalis
1399,Phomopsis phaseoli f.sp. meridionalis
1400,fusarium semitectum
1401,Phoma spp.
1402,Boerhaavia diffusa
1403,Puccinia paulensis
1404,Cercospora katri
1405,Entomosporium maculatum
1406,Entomosporium macidatum
1407,Physalospora obtusa
1408,Venturia phyruno
1409,Colletotrichum phomoides
1410,Guignardia bidwellii
1411,Urochloa plantaginea
1412,(Paspalum virgatum
1413,Sporobulus indicus
1414,Deois lignosellus
1415,Burkolderia gadiolli subsp allicola
1416,Uromyces viciae-fabae
1417,Helminthosporium solani
1418,Blainvillea biaristata
1419,Poa annua
1420,Urtica circularis
1421,Gloeodes pomigena
1422,Curvularia eragrostides
1423,Septoria paullinae
1424,Septoria passiflorae
1425,Sclerotinia sp.
1426,Meloidogyne arenaria
1427,Meloidogyne coffeicola
1428,Parthenolecanium persicae
1429,Tetranychus spp.
1430,Sarasinula linguaeformis
1431,Pyrenophora teres
1432,Puccinia recondita
1433,Liberibacter asiaticus
1434,Fusarium solani f.sp. pisi
1435,Fusarium solani f.sp. cucurbitae
1436,Drechslera spp.
1437,Claviceps sulcata
1438,Phoma pinodella
1439,Rhynchosia phaseoloides
1440,Cyperus eragrostis
1441,Rhipicephalus microplus
